,ip
33,147.135.137.129
5,149.202.203.13
12,149.202.220.135
70,172.217.130.10
56,172.217.130.38
46,172.217.130.39
101,172.217.130.40
41,172.217.130.41
94,172.217.130.42
53,172.217.130.6
66,172.217.130.7
63,172.217.130.8
50,172.217.130.9
83,172.217.133.102
55,172.217.133.103
54,172.217.133.104
79,172.217.133.105
43,172.217.133.106
127,172.217.21.110
454,172.217.23.110
244,172.217.23.142
449,173.194.12.58
59,173.194.151.103
211,173.194.151.104
163,173.194.151.105
209,173.194.151.106
143,173.194.151.107
141,173.194.151.108
223,173.194.151.119
362,173.194.151.120
200,173.194.151.121
275,173.194.151.122
198,173.194.151.123
363,173.194.151.124
355,173.194.151.135
93,173.194.151.136
268,173.194.151.137
29,173.194.151.138
347,173.194.151.139
356,173.194.151.140
316,173.194.151.151
295,173.194.151.152
304,173.194.151.153
232,173.194.151.154
300,173.194.151.155
360,173.194.151.156
342,173.194.151.167
177,173.194.151.168
236,173.194.151.169
376,173.194.151.170
137,173.194.151.171
90,173.194.151.172
302,173.194.151.183
241,173.194.151.184
286,173.194.151.185
253,173.194.151.186
111,173.194.151.187
330,173.194.151.188
334,173.194.151.199
373,173.194.151.200
372,173.194.151.201
278,173.194.151.202
298,173.194.151.203
339,173.194.151.204
264,173.194.151.215
36,173.194.151.216
371,173.194.151.217
188,173.194.151.218
380,173.194.151.219
196,173.194.151.220
274,173.194.151.231
377,173.194.151.232
189,173.194.151.233
365,173.194.151.234
256,173.194.151.235
245,173.194.151.236
248,173.194.151.247
217,173.194.151.248
369,173.194.151.249
34,173.194.151.250
293,173.194.151.251
325,173.194.151.252
1,173.194.151.71
296,173.194.151.72
150,173.194.151.73
158,173.194.151.74
269,173.194.151.75
353,173.194.151.76
352,173.194.151.87
318,173.194.151.88
139,173.194.151.89
201,173.194.151.90
344,173.194.151.91
332,173.194.151.92
100,173.194.160.135
81,173.194.160.136
58,173.194.160.137
80,173.194.160.138
48,173.194.160.139
116,173.194.160.140
108,173.194.160.151
98,173.194.160.152
97,173.194.160.153
96,173.194.160.154
104,173.194.160.155
105,173.194.160.156
49,173.194.160.167
52,173.194.160.168
106,173.194.160.169
107,173.194.160.170
57,173.194.160.171
99,173.194.160.172
71,173.194.160.183
44,173.194.160.184
39,173.194.160.185
51,173.194.160.186
86,173.194.160.187
42,173.194.160.188
103,173.194.163.119
40,173.194.163.120
37,173.194.163.121
45,173.194.163.122
84,173.194.163.123
62,173.194.163.124
273,173.194.163.71
147,173.194.163.72
358,173.194.163.73
194,173.194.163.74
364,173.194.163.75
230,173.194.163.76
250,173.194.164.103
354,173.194.164.104
207,173.194.164.105
187,173.194.164.106
315,173.194.164.107
320,173.194.164.108
234,173.194.164.119
130,173.194.164.120
112,173.194.164.121
91,173.194.164.122
252,173.194.164.123
258,173.194.164.124
224,173.194.164.135
151,173.194.164.136
345,173.194.164.137
319,173.194.164.138
164,173.194.164.139
328,173.194.164.140
375,173.194.164.151
313,173.194.164.152
131,173.194.164.153
279,173.194.164.154
307,173.194.164.155
6,173.194.164.156
216,173.194.164.167
331,173.194.164.168
255,173.194.164.169
30,173.194.164.170
203,173.194.164.171
89,173.194.164.172
346,173.194.164.183
206,173.194.164.184
288,173.194.164.185
378,173.194.164.186
195,173.194.164.187
285,173.194.164.188
38,173.194.164.230
67,173.194.164.231
72,173.194.164.232
102,173.194.164.233
65,173.194.164.234
448,173.194.165.135
444,173.194.165.136
432,173.194.165.137
442,173.194.165.138
433,173.194.165.139
280,173.194.165.167
4,173.194.165.168
265,173.194.165.169
299,173.194.165.170
314,173.194.165.171
239,173.194.165.172
343,173.194.165.183
69,173.194.165.184
272,173.194.165.185
235,173.194.165.186
260,173.194.165.187
303,173.194.165.188
78,173.194.165.70
64,173.194.165.71
73,173.194.165.72
85,173.194.165.73
82,173.194.165.74
452,173.194.166.155
416,173.194.166.167
422,173.194.166.23
453,173.194.166.25
420,173.194.166.41
419,173.194.166.71
450,173.194.166.73
417,173.194.166.87
423,173.194.167.106
386,173.194.167.138
321,173.194.182.102
14,173.194.182.103
370,173.194.182.104
202,173.194.182.105
222,173.194.182.106
68,173.194.182.198
306,173.194.182.199
271,173.194.182.200
312,173.194.182.201
152,173.194.182.202
322,173.194.182.230
179,173.194.182.231
75,173.194.182.232
157,173.194.182.233
126,173.194.182.234
199,173.194.182.70
212,173.194.182.71
92,173.194.182.72
168,173.194.182.73
350,173.194.182.74
335,173.194.187.10
31,173.194.187.102
8,173.194.187.103
193,173.194.187.104
146,173.194.187.105
292,173.194.187.106
284,173.194.187.134
192,173.194.187.135
142,173.194.187.136
266,173.194.187.137
154,173.194.187.138
225,173.194.187.166
155,173.194.187.167
153,173.194.187.168
348,173.194.187.169
305,173.194.187.170
191,173.194.187.198
180,173.194.187.199
326,173.194.187.200
184,173.194.187.201
431,173.194.187.202
136,173.194.187.230
374,173.194.187.231
262,173.194.187.232
186,173.194.187.233
161,173.194.187.234
156,173.194.187.38
3,173.194.187.39
231,173.194.187.40
329,173.194.187.41
185,173.194.187.42
243,173.194.187.6
289,173.194.187.7
237,173.194.187.70
361,173.194.187.71
145,173.194.187.72
301,173.194.187.73
182,173.194.187.74
227,173.194.187.8
13,173.194.187.9
132,173.194.188.10
61,173.194.188.102
25,173.194.188.103
247,173.194.188.104
324,173.194.188.105
10,173.194.188.106
19,173.194.188.134
283,173.194.188.135
23,173.194.188.136
21,173.194.188.137
190,173.194.188.138
197,173.194.188.166
277,173.194.188.167
172,173.194.188.168
88,173.194.188.169
159,173.194.188.170
20,173.194.188.198
135,173.194.188.199
238,173.194.188.200
276,173.194.188.201
240,173.194.188.202
174,173.194.188.230
175,173.194.188.231
254,173.194.188.232
26,173.194.188.233
169,173.194.188.234
215,173.194.188.38
181,173.194.188.39
160,173.194.188.40
35,173.194.188.41
167,173.194.188.42
257,173.194.188.6
87,173.194.188.7
28,173.194.188.70
15,173.194.188.71
148,173.194.188.72
74,173.194.188.73
110,173.194.188.74
229,173.194.188.8
22,173.194.188.9
387,208.54.66.140
391,208.54.66.141
389,208.54.66.142
388,208.54.66.143
390,208.54.66.144
425,208.54.66.145
290,216.58.206.14
246,216.58.207.46
381,216.58.207.78
17,46.105.108.108
11,46.105.111.199
242,51.91.27.74
287,54.36.104.139
383,74.125.103.107
451,74.125.103.11
294,74.125.104.71
333,74.125.104.72
171,74.125.104.73
138,74.125.104.74
178,74.125.104.75
379,74.125.104.76
323,74.125.104.87
270,74.125.104.88
2,74.125.104.89
291,74.125.104.90
282,74.125.104.91
317,74.125.104.92
297,74.125.11.10
267,74.125.11.102
165,74.125.11.103
32,74.125.11.104
144,74.125.11.105
261,74.125.11.106
263,74.125.11.11
357,74.125.11.12
310,74.125.11.23
173,74.125.11.24
327,74.125.11.25
16,74.125.11.26
170,74.125.11.27
205,74.125.11.28
337,74.125.11.7
336,74.125.11.8
439,74.125.11.87
440,74.125.11.89
228,74.125.11.9
445,74.125.11.90
434,74.125.110.10
208,74.125.110.102
204,74.125.110.103
24,74.125.110.104
251,74.125.110.105
281,74.125.110.106
435,74.125.110.38
443,74.125.110.39
447,74.125.110.40
436,74.125.110.41
441,74.125.110.42
446,74.125.110.6
437,74.125.110.7
438,74.125.110.9
219,74.125.13.230
226,74.125.13.231
220,74.125.13.232
233,74.125.13.233
27,74.125.13.234
421,74.125.166.137
424,74.125.166.153
415,74.125.166.234
414,74.125.170.103
382,74.125.170.24
384,74.125.170.26
385,74.125.170.43
418,74.125.170.92
176,74.125.173.134
166,74.125.173.135
214,74.125.173.136
221,74.125.173.137
162,74.125.173.138
109,74.125.173.198
0,74.125.173.199
213,74.125.173.200
210,74.125.173.201
259,74.125.173.202
308,74.125.173.23
95,74.125.173.230
311,74.125.173.231
18,74.125.173.232
134,74.125.173.233
133,74.125.173.234
77,74.125.173.24
340,74.125.173.25
60,74.125.173.26
351,74.125.173.27
249,74.125.173.28
338,74.125.173.39
218,74.125.173.40
183,74.125.173.41
149,74.125.173.42
309,74.125.173.43
9,74.125.173.44
349,74.125.173.55
140,74.125.173.56
76,74.125.173.57
359,74.125.173.58
341,74.125.173.59
7,74.125.173.60
368,88.217.135.13
367,88.217.135.15
366,88.217.135.18
405,90.182.119.12
393,90.182.119.13
399,90.182.119.14
406,90.182.119.140
429,90.182.119.141
392,90.182.119.142
410,90.182.119.143
395,90.182.119.15
396,90.182.119.16
402,90.182.119.17
400,90.182.119.18
427,90.182.119.204
412,90.182.119.205
404,90.182.119.206
403,90.182.119.207
408,90.182.119.208
411,90.182.119.209
430,90.182.119.210
407,90.182.119.211
397,90.182.119.76
398,90.182.119.77
394,90.182.119.78
413,90.182.119.79
426,90.182.119.80
428,90.182.119.81
401,90.182.119.82
409,90.182.119.83
122,92.226.2.76
129,92.226.2.78
128,92.226.2.79
114,92.226.2.80
125,92.226.2.81
124,92.226.2.82
121,92.226.3.76
117,92.226.3.77
113,92.226.3.78
120,92.226.3.79
123,92.226.3.80
118,92.226.3.81
115,92.226.3.82
119,92.226.3.83
